Insert into BOOK (ID,TITLE,ISBN) values (1,'Continuous Delivery: Reliable Software Releases through Build, Test, and Deployment Automation','978-0321601919');
Insert into BOOK (ID,TITLE,ISBN) values (2,'Domain-Specific Languages','978-0321712943');
Insert into BOOK (ID,TITLE,ISBN) values (3,'Architecture and Patterns for IT Service Management, Resource Planning, and Governance','978-0123850171');
Insert into BOOK (ID,TITLE,ISBN) values (4,'Refactoring to Patterns','978-0321213358');
Insert into BOOK (ID,TITLE,ISBN) values (5,'xUnit Test Patterns: Refactoring Test Code','978-0131495050');
Insert into BOOK (ID,TITLE,ISBN) values (6,'Continuous Integration: Improving Software Quality and Reducing Risk','978-0321336385');
Insert into BOOK (ID,TITLE,ISBN) values (7,'Kanban: Successful Evolutionary Change for Your Technology Business','978-0984521401');
Insert into BOOK (ID,TITLE,ISBN) values (8,'Succeeding with Agile: Software Development Using Scrum','978-0321579362');

Insert into AUTHOR (ID,FIRSTNAME,LASTNAME,BIRTHDAY) values (10,'David','Anderson',STR_TO_DATE('01-JAN-63','%d-%b-%Y'));
Insert into AUTHOR (ID,FIRSTNAME,LASTNAME,BIRTHDAY) values (4,'Charles','Betz',STR_TO_DATE('01-JAN-63','%d-%b-%Y'));
Insert into AUTHOR (ID,FIRSTNAME,LASTNAME,BIRTHDAY) values (12,'Mike','Cohn',STR_TO_DATE('01-JAN-63','%d-%b-%Y'));
Insert into AUTHOR (ID,FIRSTNAME,LASTNAME,BIRTHDAY) values (7,'Paul','Duvall',STR_TO_DATE('01-JAN-63','%d-%b-%Y'));
Insert into AUTHOR (ID,FIRSTNAME,LASTNAME,BIRTHDAY) values (2,'David','Farley',STR_TO_DATE('25-SEP-71','%d-%b-%Y'));
Insert into AUTHOR (ID,FIRSTNAME,LASTNAME,BIRTHDAY) values (3,'Martin','Fowler',STR_TO_DATE('01-JAN-63','%d-%b-%Y'));
Insert into AUTHOR (ID,FIRSTNAME,LASTNAME,BIRTHDAY) values (9,'Andrew','Glover',STR_TO_DATE('01-JAN-63','%d-%b-%Y'));
Insert into AUTHOR (ID,FIRSTNAME,LASTNAME,BIRTHDAY) values (1,'Jez','Humble',STR_TO_DATE('22-MAR-76','%d-%b-%Y'));
Insert into AUTHOR (ID,FIRSTNAME,LASTNAME,BIRTHDAY) values (5,'Joshua','Kerievsky',STR_TO_DATE('01-JAN-63','%d-%b-%Y'));
Insert into AUTHOR (ID,FIRSTNAME,LASTNAME,BIRTHDAY) values (8,'Steve','Matyas',STR_TO_DATE('01-JAN-63','%d-%b-%Y'));
Insert into AUTHOR (ID,FIRSTNAME,LASTNAME,BIRTHDAY) values (6,'Gerard','Meszaros',STR_TO_DATE('01-JAN-63','%d-%b-%Y'));
Insert into AUTHOR (ID,FIRSTNAME,LASTNAME,BIRTHDAY) values (11,'Donald','Reinertsen',STR_TO_DATE('01-JAN-63','%d-%b-%Y'));

Insert into BOOK2AUTHOR (BOOK_ID,AUTHOR_ID) values (1,1);
Insert into BOOK2AUTHOR (BOOK_ID,AUTHOR_ID) values (1,2);
Insert into BOOK2AUTHOR (BOOK_ID,AUTHOR_ID) values (2,3);
Insert into BOOK2AUTHOR (BOOK_ID,AUTHOR_ID) values (3,4);
Insert into BOOK2AUTHOR (BOOK_ID,AUTHOR_ID) values (4,5);
Insert into BOOK2AUTHOR (BOOK_ID,AUTHOR_ID) values (5,6);
Insert into BOOK2AUTHOR (BOOK_ID,AUTHOR_ID) values (6,7);
Insert into BOOK2AUTHOR (BOOK_ID,AUTHOR_ID) values (6,8);
Insert into BOOK2AUTHOR (BOOK_ID,AUTHOR_ID) values (6,9);
Insert into BOOK2AUTHOR (BOOK_ID,AUTHOR_ID) values (7,10);
Insert into BOOK2AUTHOR (BOOK_ID,AUTHOR_ID) values (7,11);
Insert into BOOK2AUTHOR (BOOK_ID,AUTHOR_ID) values (8,12);

Insert into CATEGORY (ID,NAME,DESCRIPTION) values (1,'General',null);
Insert into CATEGORY (ID,NAME,DESCRIPTION) values (2,'Entertainment',null);
Insert into CATEGORY (ID,NAME,DESCRIPTION) values (3,'Education',null);
Insert into CATEGORY (ID,NAME,DESCRIPTION) values (4,'Social',null);
Insert into CATEGORY (ID,NAME,DESCRIPTION) values (5,'Bestseller',null);

Insert into BOOK2CATEGORY (BOOK_ID,CATEGORY_ID) values (1,1);
Insert into BOOK2CATEGORY (BOOK_ID,CATEGORY_ID) values (1,3);
Insert into BOOK2CATEGORY (BOOK_ID,CATEGORY_ID) values (1,5);
Insert into BOOK2CATEGORY (BOOK_ID,CATEGORY_ID) values (2,3);
Insert into BOOK2CATEGORY (BOOK_ID,CATEGORY_ID) values (2,4);
Insert into BOOK2CATEGORY (BOOK_ID,CATEGORY_ID) values (3,3);
Insert into BOOK2CATEGORY (BOOK_ID,CATEGORY_ID) values (3,5);
Insert into BOOK2CATEGORY (BOOK_ID,CATEGORY_ID) values (4,1);
Insert into BOOK2CATEGORY (BOOK_ID,CATEGORY_ID) values (4,3);
Insert into BOOK2CATEGORY (BOOK_ID,CATEGORY_ID) values (5,3);
Insert into BOOK2CATEGORY (BOOK_ID,CATEGORY_ID) values (5,5);
Insert into BOOK2CATEGORY (BOOK_ID,CATEGORY_ID) values (6,3);
Insert into BOOK2CATEGORY (BOOK_ID,CATEGORY_ID) values (7,1);
Insert into BOOK2CATEGORY (BOOK_ID,CATEGORY_ID) values (7,3);
Insert into BOOK2CATEGORY (BOOK_ID,CATEGORY_ID) values (8,3);
Insert into BOOK2CATEGORY (BOOK_ID,CATEGORY_ID) values (8,5);

Insert into GENRE (ID,NAME,DESCRIPTION) values (1,'Fantastics',null);
Insert into GENRE (ID,NAME,DESCRIPTION) values (2,'Prose',null);
Insert into GENRE (ID,NAME,DESCRIPTION) values (3,'IT',null);
Insert into GENRE (ID,NAME,DESCRIPTION) values (4,'Adventure',null);
Insert into GENRE (ID,NAME,DESCRIPTION) values (5,'Historical',null);
Insert into GENRE (ID,NAME,DESCRIPTION) values (6,'Comdey',null);
Insert into GENRE (ID,NAME,DESCRIPTION) values (8,'Java',null);
Insert into GENRE (ID,NAME,DESCRIPTION) values (7,'Development',null);
Insert into GENRE (ID,NAME,DESCRIPTION) values (10,'Management',null);
Insert into GENRE (ID,NAME,DESCRIPTION) values (9,'Technologies',null);
Insert into GENRE (ID,NAME,DESCRIPTION) values (11,'Infrastructure',null);
Insert into GENRE (ID,NAME,DESCRIPTION) values (12,'Architecture',null);
Insert into GENRE (ID,NAME,DESCRIPTION) values (13,'Testing',null);
Insert into GENRE (ID,NAME,DESCRIPTION) values (14,'Methodologies',null);

Insert into BOOK2GENRE (BOOK_ID,GENRE_ID) values (1,3);
Insert into BOOK2GENRE (BOOK_ID,GENRE_ID) values (1,9);
Insert into BOOK2GENRE (BOOK_ID,GENRE_ID) values (1,11);
Insert into BOOK2GENRE (BOOK_ID,GENRE_ID) values (1,12);
Insert into BOOK2GENRE (BOOK_ID,GENRE_ID) values (2,3);
Insert into BOOK2GENRE (BOOK_ID,GENRE_ID) values (2,7);
Insert into BOOK2GENRE (BOOK_ID,GENRE_ID) values (3,3);
Insert into BOOK2GENRE (BOOK_ID,GENRE_ID) values (3,11);
Insert into BOOK2GENRE (BOOK_ID,GENRE_ID) values (3,12);
Insert into BOOK2GENRE (BOOK_ID,GENRE_ID) values (4,3);
Insert into BOOK2GENRE (BOOK_ID,GENRE_ID) values (4,7);
Insert into BOOK2GENRE (BOOK_ID,GENRE_ID) values (5,3);
Insert into BOOK2GENRE (BOOK_ID,GENRE_ID) values (5,13);
Insert into BOOK2GENRE (BOOK_ID,GENRE_ID) values (6,3);
Insert into BOOK2GENRE (BOOK_ID,GENRE_ID) values (6,12);
Insert into BOOK2GENRE (BOOK_ID,GENRE_ID) values (7,3);
Insert into BOOK2GENRE (BOOK_ID,GENRE_ID) values (7,10);
Insert into BOOK2GENRE (BOOK_ID,GENRE_ID) values (7,14);
Insert into BOOK2GENRE (BOOK_ID,GENRE_ID) values (8,3);
Insert into BOOK2GENRE (BOOK_ID,GENRE_ID) values (8,10);
Insert into BOOK2GENRE (BOOK_ID,GENRE_ID) values (8,14);

Insert into USR (ID,FIRSTNAME,LASTNAME,EMAIL,REGDATE) values (1,'Daren','Golden','dgolden@foo.com',STR_TO_DATE('04-NOV-01','%d-%b-%Y'));
Insert into USR (ID,FIRSTNAME,LASTNAME,EMAIL,REGDATE) values (2,'Paul','Duvall','pduvall@foo.com',STR_TO_DATE('12-SEP-00','%d-%b-%Y'));
Insert into USR (ID,FIRSTNAME,LASTNAME,EMAIL,REGDATE) values (3,'Augusto','T','augusto@foo.com',STR_TO_DATE('25-JAN-01','%d-%b-%Y'));
Insert into USR (ID,FIRSTNAME,LASTNAME,EMAIL,REGDATE) values (4,'David','Spencer','dspencer@foo.com',STR_TO_DATE('08-NOV-02','%d-%b-%Y'));
Insert into USR (ID,FIRSTNAME,LASTNAME,EMAIL,REGDATE) values (5,'Haakon','Dahl','hdahl@foo.com',STR_TO_DATE('13-MAR-02','%d-%b-%Y'));
Insert into USR (ID,FIRSTNAME,LASTNAME,EMAIL,REGDATE) values (6,'Jair','Merlo','jarme@foo.com',STR_TO_DATE('21-NOV-02','%d-%b-%Y'));
Insert into USR (ID,FIRSTNAME,LASTNAME,EMAIL,REGDATE) values (7,'John','Andersen','jandersen@foo.com',STR_TO_DATE('19-FEB-02','%d-%b-%Y'));
Insert into USR (ID,FIRSTNAME,LASTNAME,EMAIL,REGDATE) values (8,'Michael','Cohn','mkohn@foo.com',STR_TO_DATE('19-SEP-04','%d-%b-%Y'));

Insert into BOOKREVIEW (ID,REVIEWDATE,USR_ID,BOOK_ID,RATING,TEXT,REVIEWTYPE,EDITORALNOTICE,JOB,POSITION,PURCHASEDATE) values (1,STR_TO_DATE('04-NOV-11','%d-%b-%Y'),1,1,5,'The value is in the way to make this happen successfully and with minimal effort. ','R',null,null,null,null);
Insert into BOOKREVIEW (ID,REVIEWDATE,USR_ID,BOOK_ID,RATING,TEXT,REVIEWTYPE,EDITORALNOTICE,JOB,POSITION,PURCHASEDATE) values (2,STR_TO_DATE('01-JAN-11','%d-%b-%Y'),2,2,4,'I found this book well written and all the advice offered easy to follow. ','R',null,null,null,null);
Insert into BOOKREVIEW (ID,REVIEWDATE,USR_ID,BOOK_ID,RATING,TEXT,REVIEWTYPE,EDITORALNOTICE,JOB,POSITION,PURCHASEDATE) values (3,STR_TO_DATE('11-JAN-12','%d-%b-%Y'),3,3,5,'I do highly recommend this thorough introduction to a very different approach to programming. ','R',null,null,null,null);
Insert into BOOKREVIEW (ID,REVIEWDATE,USR_ID,BOOK_ID,RATING,TEXT,REVIEWTYPE,EDITORALNOTICE,JOB,POSITION,PURCHASEDATE) values (4,STR_TO_DATE('18-SEP-10','%d-%b-%Y'),4,4,4,'The author has produced an important book, as significant as when he created the refactoring book and analysis patterns, and for the same reason. ','R',null,null,null,null);
Insert into BOOKREVIEW (ID,REVIEWDATE,USR_ID,BOOK_ID,RATING,TEXT,REVIEWTYPE,EDITORALNOTICE,JOB,POSITION,PURCHASEDATE) values (5,STR_TO_DATE('19-SEP-10','%d-%b-%Y'),5,5,5,'I''ve been reading and referencing your book since it was published. ','R',null,null,null,null);
Insert into BOOKREVIEW (ID,REVIEWDATE,USR_ID,BOOK_ID,RATING,TEXT,REVIEWTYPE,EDITORALNOTICE,JOB,POSITION,PURCHASEDATE) values (6,STR_TO_DATE('21-SEP-11','%d-%b-%Y'),6,6,5,'I can''t wait to actually apply more of these ideas at my enterprise - highly recommend looking into this. ','R',null,null,null,null);
Insert into BOOKREVIEW (ID,REVIEWDATE,USR_ID,BOOK_ID,RATING,TEXT,REVIEWTYPE,EDITORALNOTICE,JOB,POSITION,PURCHASEDATE) values (7,STR_TO_DATE('22-AUG-12','%d-%b-%Y'),7,7,5,'The author uses an information factory metaphor in a way to foster great ideas related to TQM (Total Quality Management), process improvement and IT Architecture. ','R',null,null,null,null);
Insert into BOOKREVIEW (ID,REVIEWDATE,USR_ID,BOOK_ID,RATING,TEXT,REVIEWTYPE,EDITORALNOTICE,JOB,POSITION,PURCHASEDATE) values (8,STR_TO_DATE('23-MAR-13','%d-%b-%Y'),8,8,5,'Mike Cohn''s latest book: "Succeeding with Agile" is a "must read" for any agile developer. ','R',null,null,null,null);

Insert into WAREHOUSE (ID,ADDRESSLINE,TELEPHONE1,TELEPHONE2) values (1,'440 Terry Ave. N Seattle, WA 98109','206-266-1000',null);
Insert into WAREHOUSE (ID,ADDRESSLINE,TELEPHONE1,TELEPHONE2) values (2,'33 East 17th Street New York, NY 10003','212-253-0810',null);
Insert into WAREHOUSE (ID,ADDRESSLINE,TELEPHONE1,TELEPHONE2) values (3,'4326 University Way NE Seattle, WA 98105','206.634.3400',null);

Insert into STOCKITEM (ID,BOOK_ID,WH_ID,QUANTITY,PRICE) values (1,1,1,1,45);
Insert into STOCKITEM (ID,BOOK_ID,WH_ID,QUANTITY,PRICE) values (2,2,1,2,40);
Insert into STOCKITEM (ID,BOOK_ID,WH_ID,QUANTITY,PRICE) values (3,3,1,2,37);
Insert into STOCKITEM (ID,BOOK_ID,WH_ID,QUANTITY,PRICE) values (4,4,1,3,41);
Insert into STOCKITEM (ID,BOOK_ID,WH_ID,QUANTITY,PRICE) values (5,5,1,1,22);
Insert into STOCKITEM (ID,BOOK_ID,WH_ID,QUANTITY,PRICE) values (6,6,1,5,35);
Insert into STOCKITEM (ID,BOOK_ID,WH_ID,QUANTITY,PRICE) values (7,7,1,1,54);
Insert into STOCKITEM (ID,BOOK_ID,WH_ID,QUANTITY,PRICE) values (8,8,1,10,65);
Insert into STOCKITEM (ID,BOOK_ID,WH_ID,QUANTITY,PRICE) values (9,2,2,3,48);
Insert into STOCKITEM (ID,BOOK_ID,WH_ID,QUANTITY,PRICE) values (11,3,2,4,39);
Insert into STOCKITEM (ID,BOOK_ID,WH_ID,QUANTITY,PRICE) values (12,4,2,9,49);
Insert into STOCKITEM (ID,BOOK_ID,WH_ID,QUANTITY,PRICE) values (13,5,2,4,27);
Insert into STOCKITEM (ID,BOOK_ID,WH_ID,QUANTITY,PRICE) values (14,6,2,12,38);
Insert into STOCKITEM (ID,BOOK_ID,WH_ID,QUANTITY,PRICE) values (15,7,2,1,59);
Insert into STOCKITEM (ID,BOOK_ID,WH_ID,QUANTITY,PRICE) values (16,8,2,3,69);
Insert into STOCKITEM (ID,BOOK_ID,WH_ID,QUANTITY,PRICE) values (17,2,3,3,55);
Insert into STOCKITEM (ID,BOOK_ID,WH_ID,QUANTITY,PRICE) values (22,6,3,12,65);
Insert into STOCKITEM (ID,BOOK_ID,WH_ID,QUANTITY,PRICE) values (23,7,3,1,85);
Insert into STOCKITEM (ID,BOOK_ID,WH_ID,QUANTITY,PRICE) values (24,8,3,3,79);
